{"parent":"nova:block/base","textures":{"2":"machines:block/machine_side","3":"block/glass","4":"machines:block/electric_brewing_stand_rod","5":"machines:block/machine_top","6":"item/potion"},"elements":[{"from":[3.0,0.0,11.0],"to":[5.0,15.0,13.0],"faces":{"north":{"uv":[7.0,2.0,9.0,16.0],"texture":"#4"},"east":{"uv":[7.0,2.0,9.0,16.0],"texture":"#4"},"south":{"uv":[7.0,2.0,9.0,16.0],"texture":"#4"},"west":{"uv":[7.0,2.0,9.0,16.0],"texture":"#4"}}},{"from":[3.0,0.0,3.0],"to":[5.0,15.0,5.0],"faces":{"north":{"uv":[7.0,2.0,9.0,16.0],"texture":"#4"},"east":{"uv":[7.0,2.0,9.0,16.0],"texture":"#4"},"south":{"uv":[7.0,2.0,9.0,16.0],"texture":"#4"},"west":{"uv":[7.0,2.0,9.0,16.0],"texture":"#4"}}},{"from":[7.0,0.0,7.0],"to":[9.0,15.0,9.0],"faces":{"north":{"uv":[7.0,2.0,9.0,16.0],"texture":"#4"},"east":{"uv":[7.0,2.0,9.0,16.0],"texture":"#4"},"south":{"uv":[7.0,2.0,9.0,16.0],"texture":"#4"},"west":{"uv":[7.0,2.0,9.0,16.0],"texture":"#4"}}},{"from":[11.0,0.0,11.0],"to":[13.0,15.0,13.0],"faces":{"north":{"uv":[7.0,2.0,9.0,16.0],"texture":"#4"},"east":{"uv":[7.0,2.0,9.0,16.0],"texture":"#4"},"south":{"uv":[7.0,2.0,9.0,16.0],"texture":"#4"},"west":{"uv":[7.0,2.0,9.0,16.0],"texture":"#4"}}},{"from":[11.0,0.0,3.0],"to":[13.0,15.0,5.0],"faces":{"north":{"uv":[7.0,2.0,9.0,16.0],"texture":"#4"},"east":{"uv":[7.0,2.0,9.0,16.0],"texture":"#4"},"south":{"uv":[7.0,2.0,9.0,16.0],"texture":"#4"},"west":{"uv":[7.0,2.0,9.0,16.0],"texture":"#4"}}},{"from":[1.0,1.0,0.0],"to":[15.0,15.0,1.0],"rotation":{"angle":0.0,"axis":"y","origin":[8.0,8.0,8.0]},"faces":{"north":{"uv":[1.0,1.0,15.0,15.0],"texture":"#3"}}},{"from":[0.0,1.0,1.0],"to":[1.0,15.0,15.0],"rotation":{"angle":0.0,"axis":"y","origin":[8.0,8.0,8.0]},"faces":{"west":{"uv":[1.0,1.0,15.0,15.0],"texture":"#3"}}},{"from":[15.0,1.0,1.0],"to":[16.0,15.0,15.0],"rotation":{"angle":0.0,"axis":"y","origin":[8.0,8.0,8.0]},"faces":{"east":{"uv":[1.0,1.0,15.0,15.0],"texture":"#3"}}},{"from":[1.0,15.025,1.0],"to":[15.0,16.025,15.0],"rotation":{"angle":0.0,"axis":"y","origin":[8.0,8.0,8.0]},"faces":{"up":{"uv":[1.0,1.0,16.0,16.0],"texture":"#6","rotation":180}}},{"from":[15.0,1.0,15.0],"to":[16.0,15.0,16.0],"faces":{"north":{"uv":[0.0,1.0,1.0,15.0],"texture":"#2"},"east":{"uv":[0.0,1.0,1.0,15.0],"texture":"#2"},"south":{"uv":[0.0,1.0,1.0,16.0],"texture":"#2"},"west":{"uv":[0.0,1.0,1.0,15.0],"texture":"#2"},"up":{"uv":[0.0,15.0,1.0,16.0],"texture":"#2"},"down":{"uv":[0.0,15.0,1.0,15.0],"texture":"#2"}}},{"from":[0.0,1.0,15.0],"to":[1.0,15.0,16.0],"faces":{"north":{"uv":[0.0,1.0,1.0,15.0],"texture":"#2"},"east":{"uv":[0.0,1.0,1.0,15.0],"texture":"#2"},"south":{"uv":[0.0,1.0,1.0,16.0],"texture":"#2"},"west":{"uv":[0.0,1.0,1.0,15.0],"texture":"#2"},"up":{"uv":[0.0,15.0,1.0,16.0],"texture":"#2"},"down":{"uv":[0.0,15.0,1.0,15.0],"texture":"#2"}}},{"from":[0.0,1.0,0.0],"to":[1.0,15.0,1.0],"faces":{"north":{"uv":[0.0,1.0,1.0,15.0],"texture":"#2"},"east":{"uv":[0.0,1.0,1.0,15.0],"texture":"#2"},"south":{"uv":[0.0,1.0,1.0,16.0],"texture":"#2"},"west":{"uv":[0.0,1.0,1.0,15.0],"texture":"#2"},"up":{"uv":[0.0,15.0,1.0,16.0],"texture":"#2"},"down":{"uv":[0.0,15.0,1.0,15.0],"texture":"#2"}}},{"from":[15.0,1.0,0.0],"to":[16.0,15.0,1.0],"faces":{"north":{"uv":[0.0,1.0,1.0,15.0],"texture":"#2"},"east":{"uv":[0.0,1.0,1.0,15.0],"texture":"#2"},"south":{"uv":[0.0,1.0,1.0,16.0],"texture":"#2"},"west":{"uv":[0.0,1.0,1.0,15.0],"texture":"#2"},"up":{"uv":[0.0,15.0,1.0,16.0],"texture":"#2"},"down":{"uv":[0.0,15.0,1.0,15.0],"texture":"#2"}}},{"from":[1.0,1.0,15.0],"to":[15.0,15.0,16.0],"rotation":{"angle":0.0,"axis":"y","origin":[8.0,8.0,8.0]},"faces":{"south":{"uv":[1.0,1.0,15.0,15.0],"texture":"#3"}}},{"from":[1.0,1.0,15.0],"to":[15.0,15.0,16.0],"rotation":{"angle":0.0,"axis":"y","origin":[8.0,8.0,8.0]},"faces":{"south":{"uv":[1.0,1.0,15.0,15.0],"texture":"#3"}}},{"from":[0.0,0.0,0.0],"to":[16.0,1.0,16.0],"faces":{"north":{"uv":[0.0,0.0,16.0,1.0],"texture":"#2"},"east":{"uv":[0.0,0.0,16.0,1.0],"texture":"#2"},"south":{"uv":[0.0,0.0,16.0,1.0],"texture":"#2"},"west":{"uv":[0.0,0.0,16.0,1.0],"texture":"#2"},"up":{"uv":[0.0,0.0,16.0,16.0],"texture":"#2"},"down":{"uv":[0.0,0.0,16.0,16.0],"texture":"#5"}}},{"from":[0.0,15.0,0.0],"to":[16.0,16.0,16.0],"faces":{"north":{"uv":[0.0,0.0,16.0,1.0],"texture":"#2"},"east":{"uv":[0.0,0.0,16.0,1.0],"texture":"#2"},"south":{"uv":[0.0,0.0,16.0,1.0],"texture":"#2"},"west":{"uv":[0.0,0.0,16.0,1.0],"texture":"#2"},"up":{"uv":[0.0,0.0,16.0,16.0],"texture":"#5"},"down":{"uv":[0.0,0.0,16.0,16.0],"texture":"#2"}}}]}