{"parent":"nova:block/base","textures":{"2":"machines:block/machine_side","4":"nova:empty","5":"machines:block/solar_panel_side","6":"minecraft:block/lightning_rod"},"elements":[{"from":[6.5,4.0,6.5],"to":[9.5,16.0,9.5],"faces":{"north":{"uv":[0.0,4.0,2.0,16.0],"texture":"#6"},"east":{"uv":[0.0,4.0,2.0,16.0],"texture":"#6"},"south":{"uv":[0.0,4.0,2.0,16.0],"texture":"#6"},"west":{"uv":[0.0,4.0,2.0,16.0],"texture":"#6"},"up":{"uv":[1.0,1.0,4.0,4.0],"texture":"#6"},"down":{"uv":[7.0,8.0,10.0,11.0],"texture":"#4"}}},{"from":[0.0,2.0,0.0],"to":[16.0,4.0,16.0],"faces":{"north":{"uv":[0.0,0.0,16.0,2.0],"texture":"#2"},"east":{"uv":[0.0,0.0,16.0,2.0],"texture":"#2"},"south":{"uv":[0.0,0.0,16.0,2.0],"texture":"#2"},"west":{"uv":[0.0,0.0,16.0,2.0],"texture":"#2"},"up":{"uv":[0.0,0.0,16.0,16.0],"texture":"#2"},"down":{"uv":[0.0,0.0,16.0,16.0],"texture":"#4"}}},{"from":[0.0,0.0,0.0],"to":[16.0,2.0,16.0],"faces":{"north":{"uv":[0.0,0.0,16.0,2.0],"texture":"#2","rotation":180},"east":{"uv":[0.0,0.0,16.0,2.0],"texture":"#2","rotation":180},"south":{"uv":[0.0,0.0,16.0,2.0],"texture":"#2","rotation":180},"west":{"uv":[0.0,0.0,16.0,2.0],"texture":"#2","rotation":180},"up":{"uv":[0.0,0.0,16.0,16.0],"texture":"#4"},"down":{"uv":[0.0,0.0,16.0,16.0],"texture":"#2"}}},{"from":[4.0,12.0,4.0],"to":[12.0,14.0,12.0],"faces":{"north":{"uv":[8.0,14.0,16.0,16.0],"texture":"#5"},"east":{"uv":[0.0,14.0,8.0,16.0],"texture":"#5"},"south":{"uv":[0.0,14.0,8.0,16.0],"texture":"#5"},"west":{"uv":[8.0,14.0,16.0,16.0],"texture":"#5","rotation":180},"up":{"uv":[0.0,0.0,8.0,8.0],"texture":"#5"},"down":{"uv":[0.0,0.0,8.0,8.0],"texture":"#5"}}}]}