{"parent":"nova:block/base","textures":{"1":"machines:block/machine_side","2":"machines:block/machine_top","particle":"machines:block/machine_side"},"elements":[{"from":[0.0,0.0,0.0],"to":[16.0,16.0,16.0],"faces":{"north":{"uv":[0.0,0.0,16.0,16.0],"texture":"#front","cullface":"north"},"east":{"uv":[0.0,0.0,16.0,16.0],"texture":"#1","cullface":"east"},"south":{"uv":[0.0,0.0,16.0,16.0],"texture":"#1","cullface":"south"},"west":{"uv":[0.0,0.0,16.0,16.0],"texture":"#1","cullface":"west"},"up":{"uv":[0.0,0.0,16.0,16.0],"texture":"#2","cullface":"up"},"down":{"uv":[0.0,0.0,16.0,16.0],"texture":"#2","cullface":"down"}}}]}