{"parent":"nova:block/base","textures":{"0":"block/netherite_block"},"elements":[{"from":[3.0,5.0,3.0],"to":[13.0,9.0,13.0],"faces":{"north":{"uv":[3.0,10.0,13.0,14.0],"texture":"#0"},"east":{"uv":[3.0,10.0,13.0,14.0],"texture":"#0"},"south":{"uv":[3.0,10.0,13.0,14.0],"texture":"#0"},"west":{"uv":[3.0,10.0,13.0,14.0],"texture":"#0"},"down":{"uv":[4.0,4.0,12.0,12.0],"texture":"#0"}}},{"from":[2.0,9.0,2.0],"to":[14.0,16.0,14.0],"faces":{"north":{"uv":[2.0,0.0,14.0,7.0],"texture":"#0"},"east":{"uv":[2.0,0.0,14.0,7.0],"texture":"#0"},"south":{"uv":[2.0,0.0,14.0,7.0],"texture":"#0"},"west":{"uv":[2.0,0.0,14.0,7.0],"texture":"#0"},"up":{"uv":[0.0,0.0,16.0,16.0],"texture":"#0"},"down":{"uv":[3.0,3.0,13.0,13.0],"texture":"#0"}}},{"from":[5.0,0.0,5.0],"to":[11.0,5.0,11.0],"faces":{"north":{"uv":[5.0,11.0,11.0,16.0],"texture":"#0"},"east":{"uv":[5.0,11.0,11.0,16.0],"texture":"#0"},"south":{"uv":[5.0,11.0,11.0,16.0],"texture":"#0"},"west":{"uv":[5.0,11.0,11.0,16.0],"texture":"#0"},"down":{"uv":[5.0,5.0,11.0,11.0],"texture":"#0"}}}]}