{"variants":{"distance=2,persistent=false,waterlogged=true":{"model":"machines:block/machine_frame/elite"},"distance=2,persistent=false,waterlogged=false":{"model":"machines:block/machine_frame/elite"},"distance=2,persistent=true,waterlogged=true":{"model":"machines:block/machine_frame/ultimate"},"distance=2,persistent=true,waterlogged=false":{"model":"machines:block/machine_frame/ultimate"},"distance=1,persistent=false,waterlogged=true":{"model":"machines:block/machine_frame/basic"},"distance=1,persistent=false,waterlogged=false":{"model":"machines:block/machine_frame/basic"},"distance=1,persistent=true,waterlogged=true":{"model":"machines:block/machine_frame/advanced"},"distance=1,persistent=true,waterlogged=false":{"model":"machines:block/machine_frame/advanced"},"distance=3,persistent=false,waterlogged=true":{"model":"machines:block/machine_frame/creative"},"distance=3,persistent=false,waterlogged=false":{"model":"machines:block/machine_frame/creative"}}}