{"parent":"nova:block/base","elements":[{"from":[13.0,1.0,2.0],"to":[14.0,14.0,3.0],"rotation":{"angle":0.0,"axis":"y","origin":[8.0,8.0,8.0]},"faces":{"north":{"uv":[2.0,2.0,3.0,15.0],"texture":"#2"},"east":{"uv":[13.0,2.0,14.0,15.0],"texture":"#2"},"south":{"uv":[13.0,2.0,14.0,15.0],"texture":"#2"},"west":{"uv":[2.0,2.0,3.0,15.0],"texture":"#2"}}},{"from":[3.0,1.0,2.0],"to":[13.0,14.0,3.0],"rotation":{"angle":0.0,"axis":"y","origin":[8.0,8.0,8.0]},"faces":{"north":{"uv":[3.0,2.0,13.0,15.0],"texture":"#2"}}},{"from":[2.0,1.0,2.0],"to":[3.0,14.0,3.0],"rotation":{"angle":0.0,"axis":"y","origin":[8.0,8.0,8.0]},"faces":{"north":{"uv":[13.0,2.0,14.0,15.0],"texture":"#2"},"east":{"uv":[13.0,2.0,14.0,15.0],"texture":"#2"},"south":{"uv":[2.0,2.0,3.0,15.0],"texture":"#2"},"west":{"uv":[2.0,2.0,3.0,15.0],"texture":"#2"}}},{"from":[2.0,1.0,3.0],"to":[3.0,14.0,13.0],"rotation":{"angle":0.0,"axis":"y","origin":[8.0,8.0,8.0]},"faces":{"west":{"uv":[3.0,2.0,13.0,15.0],"texture":"#2"}}},{"from":[13.0,1.0,13.0],"to":[14.0,14.0,14.0],"rotation":{"angle":0.0,"axis":"y","origin":[8.0,8.0,8.0]},"faces":{"north":{"uv":[2.0,2.0,3.0,15.0],"texture":"#2"},"east":{"uv":[2.0,2.0,3.0,15.0],"texture":"#2"},"south":{"uv":[13.0,2.0,14.0,15.0],"texture":"#2"},"west":{"uv":[13.0,2.0,14.0,15.0],"texture":"#2"}}},{"from":[13.0,1.0,3.0],"to":[14.0,14.0,13.0],"rotation":{"angle":0.0,"axis":"y","origin":[8.0,8.0,8.0]},"faces":{"east":{"uv":[3.0,2.0,13.0,15.0],"texture":"#2"}}},{"from":[3.0,1.0,13.0],"to":[13.0,14.0,14.0],"rotation":{"angle":0.0,"axis":"y","origin":[8.0,8.0,8.0]},"faces":{"south":{"uv":[3.0,2.0,13.0,15.0],"texture":"#2"}}},{"from":[2.0,1.0,13.0],"to":[3.0,14.0,14.0],"rotation":{"angle":0.0,"axis":"y","origin":[8.0,8.0,8.0]},"faces":{"north":{"uv":[13.0,2.0,14.0,15.0],"texture":"#2"},"east":{"uv":[2.0,2.0,3.0,15.0],"texture":"#2"},"south":{"uv":[2.0,2.0,3.0,15.0],"texture":"#2"},"west":{"uv":[13.0,2.0,14.0,15.0],"texture":"#2"}}},{"from":[13.0,1.0,2.0],"to":[14.0,14.0,3.0],"rotation":{"angle":0.0,"axis":"y","origin":[8.0,8.0,8.0]},"faces":{"north":{"uv":[2.0,2.0,3.0,15.0],"texture":"#2"},"south":{"uv":[13.0,2.0,14.0,15.0],"texture":"#2"},"west":{"uv":[2.0,2.0,3.0,15.0],"texture":"#2"}}},{"from":[3.0,1.0,2.0],"to":[13.0,14.0,3.0],"rotation":{"angle":0.0,"axis":"y","origin":[8.0,8.0,8.0]},"faces":{"north":{"uv":[3.0,2.0,13.0,15.0],"texture":"#2"}}},{"from":[2.0,0.0,2.0],"to":[14.0,1.0,14.0],"faces":{"north":{"uv":[2.0,15.0,14.0,16.0],"texture":"#2"},"east":{"uv":[2.0,15.0,14.0,16.0],"texture":"#2"},"south":{"uv":[2.0,15.0,14.0,16.0],"texture":"#2"},"west":{"uv":[2.0,15.0,14.0,16.0],"texture":"#2"},"up":{"uv":[2.0,2.0,14.0,14.0],"texture":"#3"},"down":{"uv":[2.0,2.0,14.0,14.0],"texture":"#3"}}},{"from":[2.0,14.0,2.0],"to":[14.0,15.0,14.0],"faces":{"north":{"uv":[2.0,1.0,14.0,2.0],"texture":"#2"},"east":{"uv":[2.0,1.0,14.0,2.0],"texture":"#2"},"south":{"uv":[2.0,1.0,14.0,2.0],"texture":"#2"},"west":{"uv":[2.0,1.0,14.0,2.0],"texture":"#2"},"up":{"uv":[2.0,2.0,14.0,14.0],"texture":"#3"},"down":{"uv":[2.0,2.0,14.0,14.0],"texture":"#3"}}}]}