{"elements":[{"from":[3.25,2.0,7.25],"to":[5.75,3.0,9.75],"faces":{"north":{"uv":[0.0,0.0,2.5,1.0],"texture":"#1"},"east":{"uv":[0.0,0.0,2.5,1.0],"texture":"#1"},"south":{"uv":[0.0,0.0,2.5,1.0],"texture":"#1"},"west":{"uv":[0.0,0.0,2.5,1.0],"texture":"#1"}}},{"from":[3.5,9.0,7.5],"to":[5.5,10.0,9.5],"faces":{"north":{"uv":[0.0,12.0,2.0,13.0],"texture":"#1"},"east":{"uv":[2.0,12.0,4.0,13.0],"texture":"#1"},"south":{"uv":[0.0,11.0,2.0,12.0],"texture":"#1"},"west":{"uv":[2.0,11.0,4.0,12.0],"texture":"#1"},"up":{"uv":[0.0,10.0,2.0,12.0],"texture":"#1","rotation":90}}},{"from":[3.0,3.0,7.0],"to":[6.0,9.0,10.0],"faces":{"north":{"uv":[3.0,4.0,6.0,10.0],"texture":"#1"},"east":{"uv":[3.0,4.0,6.0,10.0],"texture":"#1"},"south":{"uv":[0.0,4.0,3.0,10.0],"texture":"#1"},"west":{"uv":[3.0,4.0,6.0,10.0],"texture":"#1"},"up":{"uv":[3.0,4.0,6.0,7.0],"texture":"#1","rotation":90},"down":{"uv":[3.0,4.0,6.0,7.0],"texture":"#1","rotation":270}}},{"from":[2.75,0.0,6.75],"to":[6.25,2.0,10.25],"faces":{"north":{"uv":[0.0,0.0,3.5,2.0],"texture":"#1"},"east":{"uv":[0.0,0.0,3.5,2.0],"texture":"#1"},"south":{"uv":[0.0,0.0,3.5,2.0],"texture":"#1"},"west":{"uv":[0.0,0.0,3.5,2.0],"texture":"#1"},"up":{"uv":[0.0,0.0,3.5,3.5],"texture":"#1","rotation":90},"down":{"uv":[4.0,0.0,8.0,4.0],"texture":"#1","rotation":270}}},{"from":[6.0,3.0,7.5],"to":[10.0,8.25,9.5],"faces":{"north":{"uv":[2.0,4.0,6.0,10.0],"texture":"#1"},"south":{"uv":[6.0,4.0,10.0,9.25],"texture":"#1"},"up":{"uv":[6.0,8.0,10.0,10.0],"texture":"#1","rotation":180},"down":{"uv":[6.0,8.0,10.0,10.0],"texture":"#1","rotation":180}}},{"from":[10.25,2.0,7.25],"to":[12.75,3.0,9.75],"faces":{"north":{"uv":[0.0,0.0,2.5,1.0],"texture":"#1"},"east":{"uv":[0.0,0.0,2.5,1.0],"texture":"#1"},"south":{"uv":[0.0,0.0,2.5,1.0],"texture":"#1"},"west":{"uv":[0.0,0.0,2.5,1.0],"texture":"#1"}}},{"from":[10.5,9.0,7.5],"to":[12.5,10.0,9.5],"faces":{"north":{"uv":[0.0,12.0,2.0,13.0],"texture":"#1"},"east":{"uv":[2.0,12.0,4.0,13.0],"texture":"#1"},"south":{"uv":[0.0,11.0,2.0,12.0],"texture":"#1"},"west":{"uv":[2.0,11.0,4.0,12.0],"texture":"#1"},"up":{"uv":[0.0,10.0,2.0,12.0],"texture":"#1","rotation":90}}},{"from":[10.0,3.0,7.0],"to":[13.0,9.0,10.0],"faces":{"north":{"uv":[3.0,4.0,6.0,10.0],"texture":"#1"},"east":{"uv":[3.0,4.0,6.0,10.0],"texture":"#1"},"south":{"uv":[0.0,4.0,3.0,10.0],"texture":"#1"},"west":{"uv":[3.0,4.0,6.0,10.0],"texture":"#1"},"up":{"uv":[3.0,4.0,6.0,7.0],"texture":"#1","rotation":90},"down":{"uv":[3.0,4.0,6.0,7.0],"texture":"#1","rotation":270}}},{"from":[9.75,0.0,6.75],"to":[13.25,2.0,10.25],"faces":{"north":{"uv":[0.0,0.0,3.5,2.0],"texture":"#1"},"east":{"uv":[0.0,0.0,3.5,2.0],"texture":"#1"},"south":{"uv":[0.0,0.0,3.5,2.0],"texture":"#1"},"west":{"uv":[0.0,0.0,3.5,2.0],"texture":"#1"},"up":{"uv":[0.0,0.0,3.5,3.5],"texture":"#1","rotation":90},"down":{"uv":[4.0,0.0,8.0,4.0],"texture":"#1","rotation":270}}}],"display":{"thirdperson_righthand":{"rotation":[0.0,-180.0,0.0],"translation":[0.0,0.75,0.0]},"firstperson_righthand":{"rotation":[0.0,-45.0,0.0],"translation":[0.0,2.75,0.0]},"gui":{"rotation":[20.0,35.0,0.0],"translation":[0.0,2.5,0.0]},"ground":{"translation":[0.0,3.5,0.0],"scale":[0.5,0.5,0.5]},"fixed":{"rotation":[0.0,-180.0,0.0],"translation":[0.0,2.5,0.0]}}}