{"parent":"nova:block/base","textures":{"2":"logistics:block/machine_top","3":"logistics:block/machine_side_blank","4":"logistics:block/storage_unit/sphere","6":"logistics:block/fluid_storage_unit/side","7":"logistics:block/fluid_tank/ultimate/side","8":"logistics:block/fluid_tank/ultimate/top"},"elements":[{"from":[-1.5,6.0,9.85],"to":[1.5,9.0,12.85],"rotation":{"angle":45.0,"axis":"y","origin":[0.0,3.0,0.0]},"faces":{"north":{"uv":[0.0,0.0,16.0,16.0],"texture":"#4"},"east":{"uv":[0.0,0.0,16.0,16.0],"texture":"#4"},"south":{"uv":[0.0,0.0,16.0,16.0],"texture":"#4"},"west":{"uv":[0.0,0.0,16.0,16.0],"texture":"#4"},"up":{"uv":[0.0,0.0,16.0,16.0],"texture":"#4","rotation":90},"down":{"uv":[0.0,0.0,16.0,16.0],"texture":"#4","rotation":270}}},{"from":[10.1,9.0,-1.25],"to":[12.6,9.25,1.25],"rotation":{"angle":-45.0,"axis":"y","origin":[0.0,3.0,0.0]},"faces":{"north":{"uv":[0.0,0.0,16.0,16.0],"texture":"#4"},"east":{"uv":[0.0,0.0,16.0,16.0],"texture":"#4"},"south":{"uv":[0.0,0.0,16.0,16.0],"texture":"#4"},"west":{"uv":[0.0,0.0,16.0,16.0],"texture":"#4"},"up":{"uv":[0.0,0.0,16.0,16.0],"texture":"#4"},"down":{"uv":[0.0,0.0,16.0,16.0],"texture":"#4"}}},{"from":[10.1,5.75,-1.25],"to":[12.6,6.0,1.25],"rotation":{"angle":-45.0,"axis":"y","origin":[0.0,3.0,0.0]},"faces":{"north":{"uv":[0.0,0.0,16.0,16.0],"texture":"#4"},"east":{"uv":[0.0,0.0,16.0,16.0],"texture":"#4"},"south":{"uv":[0.0,0.0,16.0,16.0],"texture":"#4"},"west":{"uv":[0.0,0.0,16.0,16.0],"texture":"#4"},"up":{"uv":[0.0,0.0,16.0,16.0],"texture":"#4"},"down":{"uv":[0.0,0.0,16.0,16.0],"texture":"#4"}}},{"from":[9.6,6.25,-1.25],"to":[9.85,8.75,1.25],"rotation":{"angle":-45.0,"axis":"y","origin":[0.0,3.0,0.0]},"faces":{"north":{"uv":[0.0,0.0,16.0,16.0],"texture":"#4"},"east":{"uv":[0.0,0.0,16.0,16.0],"texture":"#4"},"south":{"uv":[0.0,0.0,16.0,16.0],"texture":"#4"},"west":{"uv":[0.0,0.0,16.0,16.0],"texture":"#4"},"up":{"uv":[0.0,0.0,16.0,16.0],"texture":"#4"},"down":{"uv":[0.0,0.0,16.0,16.0],"texture":"#4"}}},{"from":[12.85,6.25,-1.25],"to":[13.1,8.75,1.25],"rotation":{"angle":-45.0,"axis":"y","origin":[0.0,3.0,0.0]},"faces":{"north":{"uv":[0.0,0.0,16.0,16.0],"texture":"#4"},"east":{"uv":[0.0,0.0,16.0,16.0],"texture":"#4"},"south":{"uv":[0.0,0.0,16.0,16.0],"texture":"#4"},"west":{"uv":[0.0,0.0,16.0,16.0],"texture":"#4"},"up":{"uv":[0.0,0.0,16.0,16.0],"texture":"#4"},"down":{"uv":[0.0,0.0,16.0,16.0],"texture":"#4"}}},{"from":[10.1,6.25,1.5],"to":[12.6,8.75,1.75],"rotation":{"angle":-45.0,"axis":"y","origin":[0.0,3.0,0.0]},"faces":{"north":{"uv":[0.0,0.0,16.0,16.0],"texture":"#4"},"east":{"uv":[0.0,0.0,16.0,16.0],"texture":"#4"},"south":{"uv":[0.0,0.0,16.0,16.0],"texture":"#4"},"west":{"uv":[0.0,0.0,16.0,16.0],"texture":"#4"},"up":{"uv":[0.0,0.0,16.0,16.0],"texture":"#4"},"down":{"uv":[0.0,0.0,16.0,16.0],"texture":"#4"}}},{"from":[10.1,6.25,-1.75],"to":[12.6,8.75,-1.5],"rotation":{"angle":-45.0,"axis":"y","origin":[0.0,3.0,0.0]},"faces":{"north":{"uv":[0.0,0.0,16.0,16.0],"texture":"#4"},"east":{"uv":[0.0,0.0,16.0,16.0],"texture":"#4"},"south":{"uv":[0.0,0.0,16.0,16.0],"texture":"#4"},"west":{"uv":[0.0,0.0,16.0,16.0],"texture":"#4"},"up":{"uv":[0.0,0.0,16.0,16.0],"texture":"#4"},"down":{"uv":[0.0,0.0,16.0,16.0],"texture":"#4"}}},{"from":[9.67,5.0,6.0],"to":[10.0,10.0,6.33],"rotation":{"angle":45.0,"axis":"y","origin":[8.0,6.0,8.0]},"faces":{"north":{"uv":[2.0,1.0,3.0,16.0],"texture":"#7"},"east":{"uv":[13.0,1.0,14.0,16.0],"texture":"#7"},"south":{"uv":[13.0,1.0,14.0,16.0],"texture":"#7"},"west":{"uv":[2.0,1.0,3.0,16.0],"texture":"#7"},"up":{"uv":[0.0,0.0,0.0,0.0],"texture":"#7"},"down":{"uv":[0.0,0.0,0.0,0.0],"texture":"#7"}}},{"from":[6.34,5.0,6.0],"to":[9.67,10.0,6.33],"rotation":{"angle":45.0,"axis":"y","origin":[8.0,6.0,8.0]},"faces":{"north":{"uv":[3.0,1.0,13.0,16.0],"texture":"#7"},"east":{"uv":[0.0,0.0,0.0,0.0],"texture":"#7"},"south":{"uv":[3.0,1.0,13.0,16.0],"texture":"#7"},"west":{"uv":[0.0,0.0,0.0,0.0],"texture":"#7"},"up":{"uv":[0.0,0.0,0.0,0.0],"texture":"#7"},"down":{"uv":[0.0,0.0,0.0,0.0],"texture":"#7"}}},{"from":[6.0,5.0,6.0],"to":[6.33,10.0,6.33],"rotation":{"angle":45.0,"axis":"y","origin":[8.0,6.0,8.0]},"faces":{"north":{"uv":[13.0,1.0,14.0,16.0],"texture":"#7"},"east":{"uv":[2.0,1.0,3.0,16.0],"texture":"#7"},"south":{"uv":[2.0,1.0,3.0,16.0],"texture":"#7"},"west":{"uv":[2.0,1.0,3.0,16.0],"texture":"#7"},"up":{"uv":[0.0,0.0,0.0,0.0],"texture":"#7"},"down":{"uv":[0.0,0.0,0.0,0.0],"texture":"#7"}}},{"from":[6.0,5.0,6.34],"to":[6.33,10.0,9.67],"rotation":{"angle":45.0,"axis":"y","origin":[8.0,6.0,8.0]},"faces":{"north":{"uv":[0.0,0.0,0.0,0.0],"texture":"#7"},"east":{"uv":[3.0,1.0,13.0,16.0],"texture":"#7"},"south":{"uv":[0.0,0.0,0.0,0.0],"texture":"#7"},"west":{"uv":[3.0,1.0,13.0,16.0],"texture":"#7"},"up":{"uv":[0.0,0.0,0.0,0.0],"texture":"#7"},"down":{"uv":[0.0,0.0,0.0,0.0],"texture":"#7"}}},{"from":[9.67,5.0,9.67],"to":[10.0,10.0,10.0],"rotation":{"angle":45.0,"axis":"y","origin":[8.0,6.0,8.0]},"faces":{"north":{"uv":[2.0,1.0,3.0,16.0],"texture":"#7"},"east":{"uv":[2.0,1.0,3.0,16.0],"texture":"#7"},"south":{"uv":[13.0,1.0,14.0,16.0],"texture":"#7"},"west":{"uv":[13.0,1.0,14.0,16.0],"texture":"#7"},"up":{"uv":[0.0,0.0,0.0,0.0],"texture":"#7"},"down":{"uv":[0.0,0.0,0.0,0.0],"texture":"#7"}}},{"from":[9.67,5.0,6.34],"to":[10.0,10.0,9.67],"rotation":{"angle":45.0,"axis":"y","origin":[8.0,6.0,8.0]},"faces":{"north":{"uv":[0.0,0.0,0.0,0.0],"texture":"#7"},"east":{"uv":[3.0,1.0,13.0,16.0],"texture":"#7"},"south":{"uv":[0.0,0.0,0.0,0.0],"texture":"#7"},"west":{"uv":[3.0,1.0,13.0,16.0],"texture":"#7"},"up":{"uv":[0.0,0.0,0.0,0.0],"texture":"#7"},"down":{"uv":[0.0,0.0,0.0,0.0],"texture":"#7"}}},{"from":[6.34,5.0,9.67],"to":[9.67,10.0,10.0],"rotation":{"angle":45.0,"axis":"y","origin":[8.0,6.0,8.0]},"faces":{"north":{"uv":[3.0,1.0,13.0,16.0],"texture":"#7"},"east":{"uv":[0.0,0.0,0.0,0.0],"texture":"#7"},"south":{"uv":[3.0,1.0,13.0,16.0],"texture":"#7"},"west":{"uv":[0.0,0.0,0.0,0.0],"texture":"#7"},"up":{"uv":[0.0,0.0,0.0,0.0],"texture":"#7"},"down":{"uv":[0.0,0.0,0.0,0.0],"texture":"#7"}}},{"from":[6.0,5.0,9.67],"to":[6.33,10.0,10.0],"rotation":{"angle":45.0,"axis":"y","origin":[8.0,6.0,8.0]},"faces":{"north":{"uv":[2.0,1.0,3.0,16.0],"texture":"#7"},"east":{"uv":[13.0,1.0,14.0,16.0],"texture":"#7"},"south":{"uv":[2.0,1.0,3.0,16.0],"texture":"#7"},"west":{"uv":[13.0,1.0,14.0,16.0],"texture":"#7"},"up":{"uv":[0.0,0.0,0.0,0.0],"texture":"#7"},"down":{"uv":[0.0,0.0,0.0,0.0],"texture":"#7"}}},{"from":[6.0,5.0,6.0],"to":[10.0,5.0,10.0],"rotation":{"angle":45.0,"axis":"y","origin":[8.0,6.0,8.0]},"faces":{"north":{"uv":[1.0,7.5,7.0,8.0],"texture":"#8"},"east":{"uv":[1.0,7.5,7.0,8.0],"texture":"#8"},"south":{"uv":[1.0,7.5,7.0,8.0],"texture":"#8"},"west":{"uv":[1.0,7.5,7.0,8.0],"texture":"#8"},"up":{"uv":[2.0,2.0,14.0,14.0],"texture":"#8"},"down":{"uv":[2.0,2.0,14.0,14.0],"texture":"#8"}}},{"from":[6.0,10.0,6.0],"to":[10.0,10.0,10.0],"rotation":{"angle":45.0,"axis":"y","origin":[8.0,6.0,8.0]},"faces":{"north":{"uv":[1.0,0.5,7.0,1.0],"texture":"#8"},"east":{"uv":[1.0,0.5,7.0,1.0],"texture":"#8"},"south":{"uv":[2.0,4.5,14.0,10.0],"texture":"#8"},"west":{"uv":[1.0,0.5,7.0,1.0],"texture":"#8"},"up":{"uv":[2.0,2.0,14.0,14.0],"texture":"#8"},"down":{"uv":[2.0,2.0,14.0,14.0],"texture":"#8"}}},{"from":[2.0,0.0,0.0],"to":[14.0,2.0,2.0],"faces":{"north":{"uv":[2.0,14.0,14.0,16.0],"texture":"#6"},"east":{"uv":[2.0,14.0,14.0,16.0],"texture":"#6"},"south":{"uv":[2.0,14.0,14.0,16.0],"texture":"#6"},"west":{"uv":[2.0,14.0,14.0,16.0],"texture":"#6"},"up":{"uv":[2.0,14.0,14.0,16.0],"texture":"#6"},"down":{"uv":[2.0,14.0,14.0,16.0],"texture":"#6","rotation":180}}},{"from":[2.0,14.0,0.0],"to":[14.0,16.0,2.0],"faces":{"north":{"uv":[2.0,0.0,14.0,2.0],"texture":"#6"},"east":{"uv":[0.0,0.0,1.0,1.0],"texture":"#6"},"south":{"uv":[2.0,0.0,14.0,2.0],"texture":"#6"},"west":{"uv":[0.0,0.0,1.0,1.0],"texture":"#6"},"up":{"uv":[2.0,14.0,14.0,16.0],"texture":"#6","rotation":180},"down":{"uv":[0.0,0.0,6.0,1.0],"texture":"#6"}}},{"from":[2.0,2.0,0.0],"to":[14.0,14.0,2.0],"faces":{"north":{"uv":[2.0,2.0,14.0,14.0],"texture":"#6"},"east":{"uv":[0.0,0.0,2.0,16.0],"texture":"#6"},"south":{"uv":[2.0,2.0,14.0,14.0],"texture":"#6"},"west":{"uv":[14.0,0.0,16.0,16.0],"texture":"#6"},"up":{"uv":[0.0,14.0,16.0,16.0],"texture":"#6"},"down":{"uv":[0.0,14.0,16.0,16.0],"texture":"#6","rotation":180}}},{"from":[2.0,0.0,14.0],"to":[14.0,2.0,16.0],"faces":{"north":{"uv":[2.0,14.0,14.0,16.0],"texture":"#6"},"east":{"uv":[2.0,14.0,14.0,16.0],"texture":"#6"},"south":{"uv":[2.0,14.0,14.0,16.0],"texture":"#6"},"west":{"uv":[2.0,14.0,14.0,16.0],"texture":"#6"},"up":{"uv":[2.0,14.0,14.0,16.0],"texture":"#6","rotation":180},"down":{"uv":[2.0,14.0,14.0,16.0],"texture":"#6"}}},{"from":[2.0,14.0,14.0],"to":[14.0,16.0,16.0],"faces":{"north":{"uv":[2.0,0.0,14.0,2.0],"texture":"#6"},"east":{"uv":[0.0,0.0,1.0,1.0],"texture":"#6"},"south":{"uv":[2.0,0.0,14.0,2.0],"texture":"#6"},"west":{"uv":[0.0,0.0,1.0,1.0],"texture":"#6"},"up":{"uv":[2.0,0.0,14.0,2.0],"texture":"#6","rotation":180},"down":{"uv":[0.0,0.0,6.0,1.0],"texture":"#6","rotation":180}}},{"from":[2.0,2.0,14.0],"to":[14.0,14.0,16.0],"faces":{"north":{"uv":[2.0,2.0,14.0,14.0],"texture":"#6"},"east":{"uv":[14.0,0.0,16.0,16.0],"texture":"#6"},"south":{"uv":[2.0,2.0,14.0,14.0],"texture":"#6"},"west":{"uv":[0.0,0.0,2.0,16.0],"texture":"#6"},"up":{"uv":[0.0,14.0,16.0,16.0],"texture":"#6","rotation":180},"down":{"uv":[0.0,14.0,16.0,16.0],"texture":"#6"}}},{"from":[0.0,0.0,2.0],"to":[2.0,2.0,14.0],"faces":{"north":{"uv":[2.0,14.0,14.0,16.0],"texture":"#6"},"east":{"uv":[2.0,14.0,14.0,16.0],"texture":"#6"},"south":{"uv":[2.0,14.0,14.0,16.0],"texture":"#6"},"west":{"uv":[2.0,14.0,14.0,16.0],"texture":"#6"},"up":{"uv":[2.0,14.0,14.0,16.0],"texture":"#6","rotation":270},"down":{"uv":[2.0,14.0,14.0,16.0],"texture":"#6","rotation":270}}},{"from":[0.0,14.0,2.0],"to":[2.0,16.0,14.0],"faces":{"north":{"uv":[0.0,0.0,1.0,1.0],"texture":"#6"},"east":{"uv":[2.0,0.0,14.0,2.0],"texture":"#6"},"south":{"uv":[0.0,0.0,1.0,1.0],"texture":"#6"},"west":{"uv":[2.0,0.0,14.0,2.0],"texture":"#6"},"up":{"uv":[14.0,14.0,16.0,2.0],"texture":"#6","rotation":180},"down":{"uv":[0.0,0.0,6.0,1.0],"texture":"#6","rotation":90}}},{"from":[0.0,0.0,14.0],"to":[2.0,16.0,16.0],"faces":{"north":{"uv":[0.0,0.0,8.0,1.0],"texture":"#6","rotation":270},"east":{"uv":[0.0,0.0,8.0,1.0],"texture":"#6","rotation":270},"south":{"uv":[0.0,0.0,2.0,16.0],"texture":"#6"},"west":{"uv":[14.0,0.0,16.0,16.0],"texture":"#6"},"up":{"uv":[14.0,0.0,16.0,2.0],"texture":"#6","rotation":180},"down":{"uv":[0.0,0.0,1.0,1.0],"texture":"#6"}}},{"from":[0.0,0.0,0.0],"to":[2.0,16.0,2.0],"faces":{"north":{"uv":[14.0,0.0,16.0,16.0],"texture":"#6"},"east":{"uv":[0.0,0.0,8.0,1.0],"texture":"#6","rotation":270},"south":{"uv":[0.0,0.0,8.0,1.0],"texture":"#6","rotation":270},"west":{"uv":[0.0,0.0,2.0,16.0],"texture":"#6"},"up":{"uv":[14.0,14.0,16.0,16.0],"texture":"#6","rotation":180},"down":{"uv":[0.0,0.0,1.0,1.0],"texture":"#6"}}},{"from":[0.0,2.0,2.0],"to":[2.0,14.0,14.0],"faces":{"north":{"uv":[0.0,0.0,2.0,16.0],"texture":"#6"},"east":{"uv":[2.0,2.0,14.0,14.0],"texture":"#6"},"south":{"uv":[14.0,0.0,16.0,16.0],"texture":"#6"},"west":{"uv":[2.0,2.0,14.0,14.0],"texture":"#6"},"up":{"uv":[0.0,14.0,16.0,16.0],"texture":"#6","rotation":270},"down":{"uv":[0.0,14.0,16.0,16.0],"texture":"#6","rotation":270}}},{"from":[2.0,0.0,2.0],"to":[14.0,1.0,14.0],"faces":{"north":{"uv":[0.0,15.0,16.0,16.0],"texture":"#3"},"east":{"uv":[0.0,15.0,16.0,16.0],"texture":"#3"},"south":{"uv":[0.0,0.0,16.0,1.0],"texture":"#3"},"west":{"uv":[0.0,15.0,16.0,16.0],"texture":"#3"},"up":{"uv":[2.0,2.0,14.0,14.0],"texture":"#2"},"down":{"uv":[1.0,1.0,15.0,15.0],"texture":"#2"}}},{"from":[2.0,15.0,2.0],"to":[14.0,16.0,14.0],"faces":{"north":{"uv":[0.0,15.0,16.0,16.0],"texture":"#2"},"east":{"uv":[0.0,15.0,16.0,16.0],"texture":"#2"},"south":{"uv":[0.0,0.0,16.0,1.0],"texture":"#2"},"west":{"uv":[0.0,15.0,16.0,16.0],"texture":"#2"},"up":{"uv":[2.0,2.0,14.0,14.0],"texture":"#2"},"down":{"uv":[1.0,1.0,15.0,15.0],"texture":"#2"}}},{"from":[14.0,0.0,2.0],"to":[16.0,2.0,14.0],"faces":{"north":{"uv":[2.0,14.0,14.0,16.0],"texture":"#6"},"east":{"uv":[2.0,14.0,14.0,16.0],"texture":"#6"},"south":{"uv":[2.0,14.0,14.0,16.0],"texture":"#6"},"west":{"uv":[2.0,14.0,14.0,16.0],"texture":"#6"},"up":{"uv":[2.0,14.0,14.0,16.0],"texture":"#6","rotation":90},"down":{"uv":[2.0,14.0,14.0,16.0],"texture":"#6","rotation":90}}},{"from":[14.0,14.0,2.0],"to":[16.0,16.0,14.0],"faces":{"north":{"uv":[0.0,0.0,1.0,1.0],"texture":"#6"},"east":{"uv":[2.0,0.0,14.0,2.0],"texture":"#6"},"south":{"uv":[0.0,0.0,1.0,1.0],"texture":"#6"},"west":{"uv":[2.0,0.0,14.0,2.0],"texture":"#6"},"up":{"uv":[0.0,2.0,2.0,14.0],"texture":"#6","rotation":180},"down":{"uv":[0.0,0.0,6.0,1.0],"texture":"#6","rotation":270}}},{"from":[14.0,0.0,0.0],"to":[16.0,16.0,2.0],"faces":{"north":{"uv":[0.0,0.0,2.0,16.0],"texture":"#6"},"east":{"uv":[14.0,0.0,16.0,16.0],"texture":"#6"},"south":{"uv":[0.0,0.0,8.0,1.0],"texture":"#6","rotation":270},"west":{"uv":[0.0,0.0,8.0,1.0],"texture":"#6","rotation":270},"up":{"uv":[0.0,14.0,2.0,16.0],"texture":"#6","rotation":180},"down":{"uv":[0.0,0.0,1.0,1.0],"texture":"#6","rotation":180}}},{"from":[14.0,0.0,14.0],"to":[16.0,16.0,16.0],"faces":{"north":{"uv":[0.0,0.0,8.0,1.0],"texture":"#6","rotation":270},"east":{"uv":[0.0,0.0,2.0,16.0],"texture":"#6"},"south":{"uv":[14.0,0.0,16.0,16.0],"texture":"#6"},"west":{"uv":[0.0,0.0,8.0,1.0],"texture":"#6","rotation":270},"up":{"uv":[0.0,0.0,2.0,2.0],"texture":"#6","rotation":180},"down":{"uv":[0.0,0.0,1.0,1.0],"texture":"#6","rotation":180}}},{"from":[14.0,2.0,2.0],"to":[16.0,14.0,14.0],"faces":{"north":{"uv":[14.0,0.0,16.0,16.0],"texture":"#6"},"east":{"uv":[2.0,2.0,14.0,14.0],"texture":"#6"},"south":{"uv":[0.0,0.0,2.0,16.0],"texture":"#6"},"west":{"uv":[2.0,2.0,14.0,14.0],"texture":"#6"},"up":{"uv":[0.0,14.0,16.0,16.0],"texture":"#6","rotation":90},"down":{"uv":[0.0,14.0,16.0,16.0],"texture":"#6","rotation":90}}}]}