{"parent":"nova:block/base","textures":{"0":"logistics:block/storage_unit/glass-side","1":"logistics:block/machine_side","2":"logistics:block/machine_top","3":"logistics:block/machine_side_blank","4":"logistics:block/storage_unit/sphere"},"elements":[{"from":[2.0,15.0,2.0],"to":[14.0,16.0,14.0],"faces":{"north":{"uv":[0.0,15.0,16.0,16.0],"texture":"#3"},"east":{"uv":[0.0,15.0,16.0,16.0],"texture":"#3"},"south":{"uv":[0.0,0.0,16.0,1.0],"texture":"#3"},"west":{"uv":[0.0,15.0,16.0,16.0],"texture":"#3"},"up":{"uv":[2.0,2.0,14.0,14.0],"texture":"#2"},"down":{"uv":[1.0,1.0,15.0,15.0],"texture":"#2"}}},{"from":[2.0,10.0,0.0],"to":[14.0,16.0,2.0],"faces":{"north":{"uv":[2.0,0.0,14.0,6.0],"texture":"#1"},"east":{"uv":[0.0,0.0,2.0,6.0],"texture":"#3"},"south":{"uv":[1.0,12.0,15.0,16.0],"texture":"#1"},"west":{"uv":[14.0,0.0,16.0,6.0],"texture":"#3"},"up":{"uv":[0.0,2.0,2.0,14.0],"texture":"#2","rotation":90},"down":{"uv":[0.0,2.0,2.0,14.0],"texture":"#3","rotation":90}}},{"from":[14.0,10.0,0.0],"to":[16.0,16.0,16.0],"faces":{"north":{"uv":[0.0,0.0,2.0,6.0],"texture":"#1"},"east":{"uv":[0.0,0.0,16.0,6.0],"texture":"#1"},"south":{"uv":[14.0,0.0,16.0,6.0],"texture":"#1"},"west":{"uv":[0.0,12.0,16.0,16.0],"texture":"#1"},"up":{"uv":[0.0,0.0,16.0,2.0],"texture":"#2","rotation":90},"down":{"uv":[0.0,0.0,16.0,2.0],"texture":"#3","rotation":90}}},{"from":[2.0,10.0,14.0],"to":[14.0,16.0,16.0],"faces":{"north":{"uv":[1.0,12.0,15.0,16.0],"texture":"#1"},"east":{"uv":[14.0,10.0,16.0,16.0],"texture":"#3"},"south":{"uv":[2.0,0.0,14.0,6.0],"texture":"#1"},"west":{"uv":[14.0,10.0,16.0,16.0],"texture":"#3"},"up":{"uv":[14.0,0.0,16.0,16.0],"texture":"#2","rotation":90},"down":{"uv":[14.0,0.0,16.0,16.0],"texture":"#3","rotation":90}}},{"from":[0.0,10.0,0.0],"to":[2.0,16.0,16.0],"faces":{"north":{"uv":[14.0,0.0,16.0,6.0],"texture":"#1"},"east":{"uv":[0.0,11.0,16.0,16.0],"texture":"#1"},"south":{"uv":[0.0,0.0,2.0,6.0],"texture":"#1"},"west":{"uv":[0.0,0.0,16.0,6.0],"texture":"#1"},"up":{"uv":[0.0,14.0,16.0,16.0],"texture":"#2","rotation":90},"down":{"uv":[0.0,14.0,16.0,16.0],"texture":"#3","rotation":90}}},{"from":[2.0,6.0,14.0],"to":[14.0,10.0,16.0],"faces":{"east":{"uv":[2.0,2.0,2.5,3.0],"texture":"#0"},"south":{"uv":[2.0,6.0,14.0,10.0],"texture":"#0"}}},{"from":[2.0,6.0,0.0],"to":[14.0,10.0,2.0],"faces":{"north":{"uv":[2.0,6.0,14.0,10.0],"texture":"#0"},"west":{"uv":[2.0,2.0,2.5,3.0],"texture":"#0"}}},{"from":[0.0,6.0,0.0],"to":[2.0,10.0,16.0],"rotation":{"angle":0.0,"axis":"y","origin":[8.0,8.0,8.0]},"faces":{"north":{"uv":[14.0,6.0,16.0,10.0],"texture":"#0"},"east":{"uv":[2.0,2.0,5.0,3.0],"texture":"#0"},"south":{"uv":[0.0,6.0,2.0,10.0],"texture":"#0"},"west":{"uv":[0.0,6.0,16.0,10.0],"texture":"#0"}}},{"from":[14.0,6.0,0.0],"to":[16.0,10.0,16.0],"faces":{"north":{"uv":[0.0,6.0,2.0,10.0],"texture":"#0"},"east":{"uv":[0.0,6.0,16.0,10.0],"texture":"#0"},"south":{"uv":[14.0,6.0,16.0,10.0],"texture":"#0"},"west":{"uv":[2.0,2.0,5.0,3.0],"texture":"#0"}}},{"from":[2.0,0.0,14.0],"to":[14.0,6.0,16.0],"faces":{"north":{"uv":[1.0,12.0,15.0,16.0],"texture":"#1"},"east":{"uv":[14.0,10.0,16.0,16.0],"texture":"#3"},"south":{"uv":[2.0,10.0,14.0,16.0],"texture":"#1"},"west":{"uv":[14.0,10.0,16.0,16.0],"texture":"#3"},"up":{"uv":[14.0,0.0,16.0,16.0],"texture":"#3","rotation":90},"down":{"uv":[1.0,14.0,15.0,16.0],"texture":"#2","rotation":180}}},{"from":[0.0,0.0,0.0],"to":[2.0,6.0,16.0],"faces":{"north":{"uv":[14.0,10.0,16.0,16.0],"texture":"#1"},"east":{"uv":[0.0,11.0,16.0,16.0],"texture":"#1"},"south":{"uv":[0.0,10.0,2.0,16.0],"texture":"#1"},"west":{"uv":[0.0,10.0,16.0,16.0],"texture":"#1"},"up":{"uv":[0.0,14.0,16.0,16.0],"texture":"#3","rotation":90},"down":{"uv":[14.0,0.0,16.0,16.0],"texture":"#2","rotation":180}}},{"from":[14.0,0.0,0.0],"to":[16.0,6.0,16.0],"faces":{"north":{"uv":[0.0,10.0,2.0,16.0],"texture":"#1"},"east":{"uv":[0.0,10.0,16.0,16.0],"texture":"#1"},"south":{"uv":[14.0,10.0,16.0,16.0],"texture":"#1"},"west":{"uv":[0.0,12.0,16.0,16.0],"texture":"#1"},"up":{"uv":[0.0,0.0,16.0,2.0],"texture":"#3","rotation":90},"down":{"uv":[0.0,0.0,2.0,16.0],"texture":"#2","rotation":180}}},{"from":[2.0,0.0,0.0],"to":[14.0,6.0,2.0],"faces":{"north":{"uv":[2.0,10.0,14.0,16.0],"texture":"#1"},"east":{"uv":[0.0,0.0,2.0,6.0],"texture":"#3"},"south":{"uv":[1.0,12.0,15.0,16.0],"texture":"#1"},"west":{"uv":[14.0,0.0,16.0,6.0],"texture":"#3"},"up":{"uv":[0.0,2.0,2.0,14.0],"texture":"#3","rotation":90},"down":{"uv":[1.0,0.0,15.0,2.0],"texture":"#2","rotation":180}}},{"from":[2.0,0.0,2.0],"to":[14.0,1.0,14.0],"faces":{"north":{"uv":[0.0,15.0,16.0,16.0],"texture":"#3"},"east":{"uv":[0.0,15.0,16.0,16.0],"texture":"#3"},"south":{"uv":[0.0,0.0,16.0,1.0],"texture":"#3"},"west":{"uv":[0.0,15.0,16.0,16.0],"texture":"#3"},"up":{"uv":[2.0,2.0,14.0,14.0],"texture":"#2"},"down":{"uv":[1.0,1.0,15.0,15.0],"texture":"#2"}}},{"from":[9.85,6.0,-1.5],"to":[12.85,9.0,1.5],"rotation":{"angle":-45.0,"axis":"y","origin":[0.0,0.0,0.0]},"faces":{"north":{"uv":[0.0,0.0,16.0,16.0],"texture":"#4"},"east":{"uv":[0.0,0.0,16.0,16.0],"texture":"#4"},"south":{"uv":[0.0,0.0,16.0,16.0],"texture":"#4"},"west":{"uv":[0.0,0.0,16.0,16.0],"texture":"#4"},"up":{"uv":[0.0,0.0,16.0,16.0],"texture":"#4"},"down":{"uv":[0.0,0.0,16.0,16.0],"texture":"#4"}}},{"from":[10.1,9.0,-1.25],"to":[12.6,9.25,1.25],"rotation":{"angle":-45.0,"axis":"y","origin":[0.0,0.0,0.0]},"faces":{"north":{"uv":[0.0,0.0,16.0,16.0],"texture":"#4"},"east":{"uv":[0.0,0.0,16.0,16.0],"texture":"#4"},"south":{"uv":[0.0,0.0,16.0,16.0],"texture":"#4"},"west":{"uv":[0.0,0.0,16.0,16.0],"texture":"#4"},"up":{"uv":[0.0,0.0,16.0,16.0],"texture":"#4"},"down":{"uv":[0.0,0.0,16.0,16.0],"texture":"#4"}}},{"from":[10.1,5.75,-1.25],"to":[12.6,6.0,1.25],"rotation":{"angle":-45.0,"axis":"y","origin":[0.0,0.0,0.0]},"faces":{"north":{"uv":[0.0,0.0,16.0,16.0],"texture":"#4"},"east":{"uv":[0.0,0.0,16.0,16.0],"texture":"#4"},"south":{"uv":[0.0,0.0,16.0,16.0],"texture":"#4"},"west":{"uv":[0.0,0.0,16.0,16.0],"texture":"#4"},"up":{"uv":[0.0,0.0,16.0,16.0],"texture":"#4"},"down":{"uv":[0.0,0.0,16.0,16.0],"texture":"#4"}}},{"from":[9.6,6.25,-1.25],"to":[9.85,8.75,1.25],"rotation":{"angle":-45.0,"axis":"y","origin":[0.0,0.0,0.0]},"faces":{"north":{"uv":[0.0,0.0,16.0,16.0],"texture":"#4"},"east":{"uv":[0.0,0.0,16.0,16.0],"texture":"#4"},"south":{"uv":[0.0,0.0,16.0,16.0],"texture":"#4"},"west":{"uv":[0.0,0.0,16.0,16.0],"texture":"#4"},"up":{"uv":[0.0,0.0,16.0,16.0],"texture":"#4"},"down":{"uv":[0.0,0.0,16.0,16.0],"texture":"#4"}}},{"from":[12.85,6.25,-1.25],"to":[13.1,8.75,1.25],"rotation":{"angle":-45.0,"axis":"y","origin":[0.0,0.0,0.0]},"faces":{"north":{"uv":[0.0,0.0,16.0,16.0],"texture":"#4"},"east":{"uv":[0.0,0.0,16.0,16.0],"texture":"#4"},"south":{"uv":[0.0,0.0,16.0,16.0],"texture":"#4"},"west":{"uv":[0.0,0.0,16.0,16.0],"texture":"#4"},"up":{"uv":[0.0,0.0,16.0,16.0],"texture":"#4"},"down":{"uv":[0.0,0.0,16.0,16.0],"texture":"#4"}}},{"from":[10.1,6.25,1.5],"to":[12.6,8.75,1.75],"rotation":{"angle":-45.0,"axis":"y","origin":[0.0,0.0,0.0]},"faces":{"north":{"uv":[0.0,0.0,16.0,16.0],"texture":"#4"},"east":{"uv":[0.0,0.0,16.0,16.0],"texture":"#4"},"south":{"uv":[0.0,0.0,16.0,16.0],"texture":"#4"},"west":{"uv":[0.0,0.0,16.0,16.0],"texture":"#4"},"up":{"uv":[0.0,0.0,16.0,16.0],"texture":"#4"},"down":{"uv":[0.0,0.0,16.0,16.0],"texture":"#4"}}},{"from":[10.1,6.25,-1.75],"to":[12.6,8.75,-1.5],"rotation":{"angle":-45.0,"axis":"y","origin":[0.0,0.0,0.0]},"faces":{"north":{"uv":[0.0,0.0,16.0,16.0],"texture":"#4"},"east":{"uv":[0.0,0.0,16.0,16.0],"texture":"#4"},"south":{"uv":[0.0,0.0,16.0,16.0],"texture":"#4"},"west":{"uv":[0.0,0.0,16.0,16.0],"texture":"#4"},"up":{"uv":[0.0,0.0,16.0,16.0],"texture":"#4"},"down":{"uv":[0.0,0.0,16.0,16.0],"texture":"#4"}}}]}