{"parent":"nova:block/base","textures":{"1":"machines:block/wind_turbine","2":"machines:block/solar_panel_stand"},"elements":[{"from":[5.5,1.0,5.5],"to":[10.5,16.0,10.5],"rotation":{"angle":0.0,"axis":"z","origin":[8.0,16.0,8.0]},"faces":{"north":{"uv":[2.5,8.0,5.0,16.0],"texture":"#1"},"east":{"uv":[0.0,8.0,2.5,16.0],"texture":"#1"},"south":{"uv":[2.5,8.0,5.0,16.0],"texture":"#1"},"west":{"uv":[0.0,8.0,2.5,16.0],"texture":"#1"}}},{"from":[4.5,0.0,4.5],"to":[11.5,1.0,11.5],"faces":{"north":{"uv":[0.0,0.0,16.0,3.0],"texture":"#2"},"east":{"uv":[0.0,0.0,16.0,3.0],"texture":"#2"},"south":{"uv":[0.0,0.0,16.0,3.0],"texture":"#2"},"west":{"uv":[0.0,0.0,16.0,3.0],"texture":"#2"},"up":{"uv":[0.0,0.0,16.0,16.0],"texture":"#2"},"down":{"uv":[0.0,0.0,16.0,16.0],"texture":"#2"}}},{"from":[11.0,16.5,5.5],"to":[11.5,21.5,13.25],"rotation":{"angle":0.0,"axis":"y","origin":[8.0,8.0,8.0]},"faces":{"north":{"uv":[3.5,0.25,3.75,2.5],"texture":"#1"},"east":{"uv":[0.25,0.25,3.5,2.5],"texture":"#1"},"south":{"uv":[0.0,0.25,0.25,2.5],"texture":"#1"},"up":{"uv":[0.25,0.0,3.5,0.25],"texture":"#1","rotation":270},"down":{"uv":[0.25,2.5,3.5,2.75],"texture":"#1","rotation":270}}},{"from":[4.5,16.5,5.5],"to":[5.0,21.25,13.5],"rotation":{"angle":0.0,"axis":"y","origin":[8.0,8.0,8.0]},"faces":{"north":{"uv":[3.25,0.25,3.5,2.5],"texture":"#1"},"south":{"uv":[0.0,0.25,0.25,2.5],"texture":"#1"},"west":{"uv":[0.25,0.25,3.5,2.5],"texture":"#1","rotation":180},"up":{"uv":[0.25,0.0,3.25,0.25],"texture":"#1","rotation":270},"down":{"uv":[0.25,2.5,3.25,2.75],"texture":"#1","rotation":270}}},{"from":[5.0,16.0,5.0],"to":[11.0,22.0,14.0],"rotation":{"angle":0.0,"axis":"y","origin":[8.0,8.0,8.0]},"faces":{"north":{"uv":[7.5,0.0,10.5,2.75],"texture":"#1","rotation":180},"east":{"uv":[0.0,0.0,3.75,2.75],"texture":"#1"},"south":{"uv":[7.5,0.0,10.5,2.75],"texture":"#1"},"west":{"uv":[0.0,0.0,3.75,2.75],"texture":"#1"},"up":{"uv":[3.75,0.0,7.5,3.0],"texture":"#1","rotation":270},"down":{"uv":[3.75,0.0,7.5,3.0],"texture":"#1","rotation":270}}},{"from":[5.5,22.0,5.75],"to":[10.5,22.5,13.5],"rotation":{"angle":0.0,"axis":"y","origin":[8.0,8.0,8.0]},"faces":{"north":{"uv":[4.0,0.0,7.25,0.25],"texture":"#1"},"east":{"uv":[3.75,0.25,4.0,2.75],"texture":"#1","rotation":90},"south":{"uv":[4.0,2.75,7.25,3.0],"texture":"#1"},"west":{"uv":[7.25,0.25,7.5,2.75],"texture":"#1","rotation":90},"up":{"uv":[4.0,0.25,7.25,2.75],"texture":"#1","rotation":270}}},{"from":[6.0,17.0,4.25],"to":[10.0,21.0,7.0],"rotation":{"angle":0.0,"axis":"x","origin":[8.0,0.0,8.0]},"faces":{"north":{"uv":[13.5,0.0,15.0,1.5],"texture":"#1","rotation":180},"east":{"uv":[13.5,0.0,15.0,0.75],"texture":"#1","rotation":90},"west":{"uv":[13.5,0.0,15.0,0.75],"texture":"#1","rotation":270},"up":{"uv":[13.5,0.0,15.0,0.75],"texture":"#1"},"down":{"uv":[13.5,0.0,15.0,0.75],"texture":"#1","rotation":180}}},{"from":[7.0,18.0,3.75],"to":[9.0,20.0,4.25],"rotation":{"angle":0.0,"axis":"x","origin":[8.0,0.0,8.0]},"faces":{"north":{"uv":[13.75,0.25,14.75,1.25],"texture":"#1","rotation":180},"east":{"uv":[13.75,0.0,14.75,0.5],"texture":"#1","rotation":90},"west":{"uv":[13.75,0.0,14.75,0.5],"texture":"#1","rotation":270},"up":{"uv":[13.75,0.0,14.75,0.5],"texture":"#1"},"down":{"uv":[13.75,0.0,14.75,0.5],"texture":"#1","rotation":180}}},{"from":[7.3,18.0,3.8],"to":[8.8,30.0,4.0],"rotation":{"angle":0.0,"axis":"x","origin":[8.0,19.0,4.0]},"faces":{"north":{"uv":[15.0,0.0,16.0,5.75],"texture":"#1","rotation":180},"east":{"uv":[15.0,0.0,15.25,5.75],"texture":"#1","rotation":180},"south":{"uv":[15.0,0.0,16.0,5.75],"texture":"#1","rotation":180},"west":{"uv":[15.0,0.0,15.25,5.75],"texture":"#1","rotation":180},"up":{"uv":[15.0,5.25,15.25,5.75],"texture":"#1","rotation":270}}},{"from":[7.0,18.2,3.8],"to":[19.0,19.7,4.0],"rotation":{"angle":-22.5,"axis":"z","origin":[8.0,19.0,4.0]},"faces":{"north":{"uv":[15.0,0.0,16.0,5.75],"texture":"#1","rotation":90},"east":{"uv":[15.0,5.25,15.25,5.75],"texture":"#1"},"south":{"uv":[15.0,0.0,16.0,5.75],"texture":"#1","rotation":270},"up":{"uv":[15.0,0.0,15.25,5.75],"texture":"#1","rotation":270},"down":{"uv":[15.0,0.0,15.25,5.75],"texture":"#1","rotation":270}}},{"from":[-3.0,18.3,3.8],"to":[9.0,19.8,4.0],"rotation":{"angle":22.5,"axis":"z","origin":[8.0,19.0,4.0]},"faces":{"north":{"uv":[15.0,0.0,16.0,5.75],"texture":"#1","rotation":270},"south":{"uv":[15.0,0.0,16.0,5.75],"texture":"#1","rotation":90},"west":{"uv":[15.0,5.25,15.25,5.75],"texture":"#1","rotation":180},"up":{"uv":[15.0,0.0,15.25,5.75],"texture":"#1","rotation":90},"down":{"uv":[15.0,0.0,15.25,5.75],"texture":"#1","rotation":90}}}],"display":{"head":{"translation":[0.0,15.5,0.0],"scale":[1.8,1.8,1.8]},"gui":{"rotation":[30.0,-135.0,0.0],"translation":[0.0,-1.75,0.0],"scale":[0.48,0.48,0.48]},"ground":{"translation":[0.0,1.75,0.0],"scale":[0.5,0.5,0.5]},"fixed":{"translation":[0.0,-2.5,0.0],"scale":[0.5,0.5,0.5]}}}