{"textures":{"0":"machines:block/star_collector_rod_off","1":"machines:block/star_collector_plate_top"},"elements":[{"from":[7.5,0.0,7.5],"to":[8.5,5.0,8.5],"rotation":{"angle":-22.5,"axis":"x","origin":[8.0,0.0,8.0]},"faces":{"north":{"uv":[0.0,0.0,3.0,15.0],"texture":"#0"},"east":{"uv":[0.0,0.0,3.0,15.0],"texture":"#0"},"south":{"uv":[0.0,0.0,3.0,15.0],"texture":"#0"},"west":{"uv":[0.0,0.0,3.0,15.0],"texture":"#0"},"up":{"uv":[3.0,0.0,6.0,3.0],"texture":"#0"}}},{"from":[6.5,0.0,6.5],"to":[9.5,0.5,9.5],"faces":{"north":{"uv":[6.0,10.0,10.0,11.0],"texture":"#1"},"east":{"uv":[5.0,6.0,6.0,10.0],"texture":"#1","rotation":90},"south":{"uv":[6.0,5.0,10.0,6.0],"texture":"#1"},"west":{"uv":[10.0,6.0,11.0,10.0],"texture":"#1","rotation":90},"up":{"uv":[6.0,6.0,10.0,10.0],"texture":"#1"}}}],"display":{"head":{"translation":[0.0,6.25,0.0],"scale":[1.6,1.39,1.6]}}}